<?xml version="1.0" encoding="UTF-8"?>
<project-private xmlns="http://www.netbeans.org/ns/project-private/1">
    <editor-bookmarks xmlns="http://www.netbeans.org/ns/editor-bookmarks/2" lastBookmarkId="0"/>
    <open-files xmlns="http://www.netbeans.org/ns/projectui-open-files/2">
        <group>
            <file>file:/D:/Kì%206/Java/TH03/src/Form/SP.java</file>
            <file>file:/D:/Kì%206/Java/TH03/src/th03/TH03.java</file>
            <file>file:/D:/Kì%206/Java/TH03/src/Database/Connection.java</file>
        </group>
    </open-files>
</project-private>
